paragraph_id,risk_category,y_true,y_pred,y_score,model,contract_title,paragraph,paragraph_length,risk_categories,cuad_categories,text_preview,error_type
47b13595ab31,change_of_control,1,0,0.12554215963342738,tfidf_logistic_regression,AURASYSTEMSINC_06_16_2010-EX-10.25-STRATEGIC ALLIANCE AGREEMENT,"(a) At the election of either party, in writing, if: (i) all or substantially all of the assets of the non-terminating party are transferred, sold or liquidated; (ii) the non-terminating party is dissolved; (iii) the non-terminating party is adjudged a bankrupt or becomes insolvent; (iv) the non-terminating party enters into an assignment or other arrangement for the benefit of its creditors; or (v) the ownership or operations of the non-terminating party have materially changed;",74,['change_of_control'],['Change Of Control'],"(a) At the election of either party, in writing, if: (i) all or substantially all of the assets of the non-terminating party are transferred, sold or liquidated; (ii) the non-terminating party is dissolved; (iii) the non-terminating party is adjudged a bankrupt or becomes insolvent; (iv) the non-terminating party enters into an assignment or other arrangement for the benefit of its creditors; or (v) the ownership or operations of the non-terminating party have materially changed;",false_negative
f6d60455a423,change_of_control,1,0,0.10132717255823895,tfidf_logistic_regression,"IPAYMENT,INC_05_14_2007-EX-10.1-SPONSORSHIP AGREEMENT","(a) Except as expressly set forth herein, ISO shall not subcontract, assign, license or in any other manner extend or transfer to any third party any right or obligation ISO has with respect to SERVICERS' Program. If ISO desires to use the services of any other independent sales organization/member service provider (""Other MSP""), such Other MSP must be (i) reviewed and approved by SERVICERS, in their sole discretion, (ii) contracted with SERVICERS or Bank upon mutually agreeable terms, and (iii) registered with Visa and MasterCard by Bank in accordance with the Rules. If ISO desires to use the services of an individual independent contractor who represents himself or herself as working for ISO using ISO's legal/business name (""IC""), then ISO shall enter into a written agreement with each such IC that (i) requires the IC to comply with all applicable terms of this Agreement and all applicable Rules, laws and regulations, and (ii) prohibits the making of any representation or creating any liability on behalf of SERVICERS.",167,['change_of_control'],['Anti-Assignment'],"(a) Except as expressly set forth herein, ISO shall not subcontract, assign, license or in any other manner extend or transfer to any third party any right or obligation ISO has with respect to SERVICERS' Program. If ISO desires to use the services of any other independent sales organization/member service provider (""Other MSP""), such Other MSP must be (i) reviewed and approved by SERVICERS, in their sole discretion, (ii) contracted with SERVICERS or Bank upon mutually agreeable terms, and (iii)",false_negative
9ad162df9e04,exclusivity,1,0,0.11578105064886338,tfidf_logistic_regression,EdietsComInc_20001030_10QSB_EX-10.4_2606646_EX-10.4_Co-Branding Agreement,"eDiets.com will have the opportunity to participate within the following newsletters, the placement, frequency and timing of such participation to be determined by Women.com in its sole discretion provided that Women.com uses its best efforts not to place reference to eDiets on the same page as content which may appear to be contrary to the basic foundation of the eDiets' philosophy. During the Term, eDiets.com will be guaranteed 12 million circulation per year from and after the Effective Date via newsletters, including but not limited to: >> Fashion & Beauty Newsletter: 300,000 subscribers per month >> Food News: 180,000 subscribers per month >> Prevention: 1,600,000 subscribers per month >> Internet Scopes: 2,400,000 subscribers per month >> Sex & Romance: 120,000 subscribers per month >> What's New: 1,100,000 subscribers per month >> Women.com Member Newsletter: 1,700,000 subscribers per month",138,['exclusivity'],['Exclusivity'],"eDiets.com will have the opportunity to participate within the following newsletters, the placement, frequency and timing of such participation to be determined by Women.com in its sole discretion provided that Women.com uses its best efforts not to place reference to eDiets on the same page as content which may appear to be contrary to the basic foundation of the eDiets' philosophy. During the Term, eDiets.com will be guaranteed 12 million circulation per year from and after the Effective Date ",false_negative
c4af77677a96,exclusivity,1,0,0.09572302282675288,tfidf_logistic_regression,"Array BioPharma Inc. - LICENSE, DEVELOPMENT AND COMMERCIALIZATION AGREEMENT","(i) Array shall not conduct Clinical Studies for a Product in the Ono Territory with respect to an Indication for which such Product has received Marketing Approval in the Ono Territory if Ono reasonably believes that the conduct of such Clinical Studies is likely to materially adversely affect the commercial value of such Product. In the event of a dispute between the Parties as to whether Ono's belief regarding the harm to its market is reasonable, the Parties shall promptly resolve such matter in accordance with the provisions of Section 17.2 below; provided that Array shall not conduct such Clinical Studies in the Ono Territory unless and until such matter is resolved in favor of such Clinical Studies proceeding.",119,['exclusivity'],['Non-Compete'],"(i) Array shall not conduct Clinical Studies for a Product in the Ono Territory with respect to an Indication for which such Product has received Marketing Approval in the Ono Territory if Ono reasonably believes that the conduct of such Clinical Studies is likely to materially adversely affect the commercial value of such Product. In the event of a dispute between the Parties as to whether Ono's belief regarding the harm to its market is reasonable, the Parties shall promptly resolve such matte",false_negative
37aa83b17d2c,exclusivity,1,0,0.07949728115584064,tfidf_logistic_regression,AzulSa_20170303_F-1A_EX-10.3_9943903_EX-10.3_Maintenance Agreement1,"(i) Each Item listed in Exhibit 3 (""Main Elements covered under this Agreement"") and Exhibit 6 (""LRUs covered by repair and standardexchange Services"") withdrawn from the Stock and used by the Company shall be exclusively repaired by the Repairer.",39,['exclusivity'],['Exclusivity'],"(i) Each Item listed in Exhibit 3 (""Main Elements covered under this Agreement"") and Exhibit 6 (""LRUs covered by repair and standardexchange Services"") withdrawn from the Stock and used by the Company shall be exclusively repaired by the Repairer.",false_negative
9e58d083330c,exclusivity,1,0,0.07381832554230629,tfidf_logistic_regression,"Array BioPharma Inc. - LICENSE, DEVELOPMENT AND COMMERCIALIZATION AGREEMENT","(a) Generally. Neither Party shall conduct Clinical Studies in the other Party's Territory without the prior written approval of the other Party, except that Array shall be entitled to conduct Declined Clinical Studies utilizing sites within the Ono Territory without obtaining Ono's consent (but prior notification is required), subject to the following:",52,['exclusivity'],['Non-Compete'],"(a) Generally. Neither Party shall conduct Clinical Studies in the other Party's Territory without the prior written approval of the other Party, except that Array shall be entitled to conduct Declined Clinical Studies utilizing sites within the Ono Territory without obtaining Ono's consent (but prior notification is required), subject to the following:",false_negative
0f2e2b4a6822,exclusivity,1,0,0.05289942963798499,tfidf_logistic_regression,INTRICONCORP_03_10_2009-EX-10.22-Strategic Alliance Agreement,"in connection with this Agreement whether the information is in oral, visual or written form or is recorded or embodied in any other medium and includes all such information disclosed to, or accessed by, the other party before this Agreement commences; Exclusivity Date means October 1, 2008, the date Intricon makes its first quarterly payment of the Minimum Payment; Identified Party means a party identified in Exhibit C before January 1, 2009 and all other parties are unidentified parties; Improvements mean any modification, improvement, enhancement or development to the Licensed Subject Matter excluding always a development, modification, improvement or enhancement that is patentable in its own right or which is proprietary information of IntriCon. Key Personnel means Elaine Saunders and Anthony Shilton; 5",123,['exclusivity'],['Exclusivity'],"in connection with this Agreement whether the information is in oral, visual or written form or is recorded or embodied in any other medium and includes all such information disclosed to, or accessed by, the other party before this Agreement commences; Exclusivity Date means October 1, 2008, the date Intricon makes its first quarterly payment of the Minimum Payment; Identified Party means a party identified in Exhibit C before January 1, 2009 and all other parties are unidentified parties; Impro",false_negative
ba060ab8861d,exclusivity,1,0,0.0527955898292799,tfidf_logistic_regression,INTRICONCORP_03_10_2009-EX-10.22-Strategic Alliance Agreement,"4.2 IntriCon will pay to Dynamic Hearing a fixed technology access fee of US$300,000 annually (hereinafter ""Access Fee""), the payment of the technology access fee to be paid on a quarterly basis at the beginning of each calendar quarter. Payment of the technology Access Fee will maintain IntriCon's non-exclusive rights to Dynamic Hearing Technology. 4.3 To maintain exclusive rights to Dynamic Hearing Technology for Hearing Aids IntriCon will make minimum annual payments to Dynamic Hearing as set out in the Minimum Payment Schedule. The Minimum Payment consists of the Access Fee of US$300,000 per annum and the Second Component that increases from year to year. Minimum Payment Schedule (All amounts are in US Dollars):",114,['exclusivity' 'revenue_risk'],['Minimum Commitment' 'Competitive Restriction Exception'],"4.2 IntriCon will pay to Dynamic Hearing a fixed technology access fee of US$300,000 annually (hereinafter ""Access Fee""), the payment of the technology access fee to be paid on a quarterly basis at the beginning of each calendar quarter. Payment of the technology Access Fee will maintain IntriCon's non-exclusive rights to Dynamic Hearing Technology. 4.3 To maintain exclusive rights to Dynamic Hearing Technology for Hearing Aids IntriCon will make minimum annual payments to Dynamic Hearing as set",false_negative
017c2ec29d6e,indemnification,1,0,0.11092903123272393,tfidf_logistic_regression,ASPIRITYHOLDINGSLLC_05_07_2012-EX-10.6-OUTSOURCING AGREEMENT,"(f) The Contractor shall take such additional action as is reasonably requested by the Company in order to carry out the purposes of this Agreement. Such reasonable additional action includes, but is not limited to, cooperating with Company in verification of Contractor's compliance, such as by providing copies of certificates of insurance and of other books and records of Contractor, and by permitting inspection of the premises, books and records of Contractor. ARTICLE VI CONDITIONS Section 6.01 Conditions of the Contractor's Obligations. The obligation of the Contractor to administer the Offering on a best efforts basis as provided herein shall be subject to the accuracy of the representations and warranties of the Company, to the performance by the Company of its obligations hereunder, and to the satisfaction of the following additional conditions: (a) The Registration Statement shall be effective, and no stop order suspending the effectiveness thereof shall have been issued and no proceedings for that purpose shall have been initiated or, to the knowledge of the Company, or the Contractor, threatened by the Commission or any state securities commission or similar regulatory body. Any request of the Commission for additional information (to be included in the Registration Statement or the Prospectus or otherwise) shall have been complied with to the reasonable satisfaction of the Contractor and the Contractor's counsel. (b) The Contractor shall not have advised the Company of its reasonable belief that the Registration Statement or Prospectus, or any amendment thereof or supplement thereto, contains any untrue statement of a fact which is material or omits to state a fact which is material and is required to be stated therein or is necessary to make the statements contained therein, in light of the circumstances under which they were made, not misleading, or, if the Contractor has so advised the Company, the Company shall not have taken reasonable action to investigate such belief and, where appropriate, amend the Registration Statement or supplement the Prospectus so as to correct such statement or omission or effect such compliance. (c) The Indenture shall have been duly authorized, executed and delivered by the Company and duly qualified under the Trust Indenture Act. (d) All corporate proceedings and other legal matters in connection with this Agreement, the form of Registration Statement and the Prospectus, and the registration, authorization, issue, sale and delivery of the Notes shall have been reasonably satisfactory to the Contractor's counsel, in all material respects, and the Contractor's counsel shall have been furnished with such papers and information as it may reasonably have requested to enable it to pass upon the matters referred to in this Section. 15",437,['revenue_risk' 'indemnification'],['Insurance' 'Audit Rights'],"(f) The Contractor shall take such additional action as is reasonably requested by the Company in order to carry out the purposes of this Agreement. Such reasonable additional action includes, but is not limited to, cooperating with Company in verification of Contractor's compliance, such as by providing copies of certificates of insurance and of other books and records of Contractor, and by permitting inspection of the premises, books and records of Contractor. ARTICLE VI CONDITIONS Section 6.0",false_negative
20e5fd53dee5,indemnification,1,0,0.08909987175071414,tfidf_logistic_regression,AzulSa_20170303_F-1A_EX-10.3_9943903_EX-10.3_Maintenance Agreement1,"8.1 Without prejudice to any term and condition under this Agreement, the Company shall maintain in force, at all times during the Term and [*****], at its own costs and expenses, with insurers of internationally recognized [*****] Confidential material redacted and filed separately with the Securities and Exchange Commission. AZUL-ATR Global Maintenance Master Agreement DS/CS-3957/14/Issue 7 Page 20/110",58,['indemnification'],['Insurance'],"8.1 Without prejudice to any term and condition under this Agreement, the Company shall maintain in force, at all times during the Term and [*****], at its own costs and expenses, with insurers of internationally recognized [*****] Confidential material redacted and filed separately with the Securities and Exchange Commission. AZUL-ATR Global Maintenance Master Agreement DS/CS-3957/14/Issue 7 Page 20/110",false_negative
9d4760216373,indemnification,1,0,0.07760600665805402,tfidf_logistic_regression,AzulSa_20170303_F-1A_EX-10.3_9943903_EX-10.3_Maintenance Agreement1,"Execution version CONFIDENTIAL TREATMENT REQUESTED reputation reasonably acceptable to the Repairer, insurances in accordance with industry standards with respect to the undertakings of the Company in Clause 15 (""Liability and Indemnity"") of this Agreement including: (i) Aircraft Hull and Spares All Risks Insurances (including, to the extent usually available war and allied perils); and,",54,['indemnification'],['Insurance'],"Execution version CONFIDENTIAL TREATMENT REQUESTED reputation reasonably acceptable to the Repairer, insurances in accordance with industry standards with respect to the undertakings of the Company in Clause 15 (""Liability and Indemnity"") of this Agreement including: (i) Aircraft Hull and Spares All Risks Insurances (including, to the extent usually available war and allied perils); and,",false_negative
1d61ea65d71f,indemnification,1,0,0.06764354238781585,tfidf_logistic_regression,AzulSa_20170303_F-1A_EX-10.3_9943903_EX-10.3_Maintenance Agreement1,"iv. Prior to the Delivery Date and upon each renewal of any policy, the Company shall supply the Repairer with certificates of insurancecompliant with the terms and conditions set out in Clause 8 of this Agreement.",36,['indemnification'],['Insurance'],"iv. Prior to the Delivery Date and upon each renewal of any policy, the Company shall supply the Repairer with certificates of insurancecompliant with the terms and conditions set out in Clause 8 of this Agreement.",false_negative
3ce40be0ac1d,ip_risk,1,0,0.27868645276508996,tfidf_logistic_regression,CytodynInc_20200109_10-Q_EX-10.5_11941634_EX-10.5_License Agreement,"2.5 Field and Territory Restrictions. (a) Nothing in this Agreement is intended to, nor shall it, prevent CytoDyn from (i) Developing, Manufacturing and or Commercializing leronlimab inside or outside of the Territory for use outside of the Field or (ii) Developing or Manufacturing leronlimab inside or outside of the Territory for Commercialization within the Field outside of the Territory, in each case, to the extent such actions would not result in a breach of CytoDyn's obligations to use Commercially Reasonable Efforts to perform the activities set forth in the Development Plan. (b) Vyera shall not Commercialize nor shall it authorize the Commercialization of any Licensed Product outside of the Field or outside of the Territory. Vyera shall not, itself or through other Persons, directly or indirectly, solicit, advertise, sell, distribute, ship, consign, or otherwise transfer any Licensed Product outside of the Field or outside of the Territory. Vyera shall use Commercially Reasonable Efforts to ensure that Licensed Products sold in its Territory are not exported or used outside such Territory. Without limiting the generality of the foregoing, Vyera will not sell any Licensed Product to a purchaser if Vyera knows, or has reason to believe, that such purchaser intends to remove such Licensed Product from the Territory or otherwise intends to facilitate the use of such Licensed Product outside of the Field or outside of the Territory. Vyera shall use Commercially Reasonable Efforts to ensure that its permitted sublicensees, Affiliates, distributors, and wholesalers comply with all of the foregoing obligations.",250,['ip_risk'],['License Grant'],"2.5 Field and Territory Restrictions. (a) Nothing in this Agreement is intended to, nor shall it, prevent CytoDyn from (i) Developing, Manufacturing and or Commercializing leronlimab inside or outside of the Territory for use outside of the Field or (ii) Developing or Manufacturing leronlimab inside or outside of the Territory for Commercialization within the Field outside of the Territory, in each case, to the extent such actions would not result in a breach of CytoDyn's obligations to use Comm",false_negative
4e843adffaed,ip_risk,1,0,0.2783656447574637,tfidf_logistic_regression,PrecheckHealthServicesInc_20200320_8-K_EX-99.2_12070169_EX-99.2_Distributor Agreement,"12. In the event of termination, neither party, their heirs nor successors shall issue any challenge whatsoever to contest the termination. 13. The Distributor is an independent contractor and nothing contained in this agreement shall be deemed or interpreted to constitute the Distributor as a partner or employee of the Principal, nor shall either party have any authority to bind the other in any respect, it being understood and agreed that all orders submitted by the Distributor are subject to acceptance by Principal in its sole discretion. 14. It is agreed between the parties that there are no other agreements or understandings between them relating to the subject matter of this Agreement. This Agreement supersedes all prior agreements, oral or written, between the parties and is intended as a complete and exclusive statement of the agreement between the parties. No change or modification of this Agreement shall be valid unless the same be in writing and signed by the parties. 15. This Agreement shall not be assigned by the Distributor without the prior written consent of the Principal. 16. Official communication from Distributor or the Principal shall be in written form or by email, acknowledged by the recipient. 17. This Agreement shall be construed in accordance with and governed by the laws of the State of Texas without regard to principles of conflicts of laws. 18. Each of Principal and Distributor represents that it has the right to enter into this Agreement and that this Agreement does not violate any agreement to which it is a party. Principal represents that it owns or has rights to the intellectual property embodied in the Products. Intending to be legally bound, the parties hereto have caused this Agreement to be executed as of the date first above written. BY /s/ Cameron Gundry BY /s/ Justin Anderson Cameron Gundry, Dir. of Commercialization Justin Anderson, CEO Co-Diagnostics, Inc. PreCheck Health Services, Inc. (Principal) (Distributor)",319,['ip_risk' 'change_of_control'],['Anti-Assignment' 'Covenant Not To Sue'],"12. In the event of termination, neither party, their heirs nor successors shall issue any challenge whatsoever to contest the termination. 13. The Distributor is an independent contractor and nothing contained in this agreement shall be deemed or interpreted to constitute the Distributor as a partner or employee of the Principal, nor shall either party have any authority to bind the other in any respect, it being understood and agreed that all orders submitted by the Distributor are subject to ",false_negative
89bd5b213f50,ip_risk,1,0,0.27094893125612857,tfidf_logistic_regression,FulucaiProductionsLtd_20131223_10-Q_EX-10.9_8368347_EX-10.9_Content License Agreement,"(d) Producer further grants to ConvergTV the right and license to create (re-edit), at its sole cost and expense, new and different versions of the Program, create foreign language, subtitled or translated versions of the Program as well as to create closed captioned versions of the Program, including NTCS, PAL, SEACAM standards, or other standards, including those yet to be developed.",61,['ip_risk'],['License Grant'],"(d) Producer further grants to ConvergTV the right and license to create (re-edit), at its sole cost and expense, new and different versions of the Program, create foreign language, subtitled or translated versions of the Program as well as to create closed captioned versions of the Program, including NTCS, PAL, SEACAM standards, or other standards, including those yet to be developed.",false_negative
a279c682cd43,ip_risk,1,0,0.26997283819885143,tfidf_logistic_regression,"DUOSTECHNOLOGIESGROUP,INC_04_21_2009-EX-10.1-STRATEGIC ALLIANCE AGREEMENT","Except as set forth in Sections 10.3 and 10.4, nothing in this Agreement is intended to confer benefits, rights or remedies unto any person or entity other than the Parties and their permitted successors and assigns. Without limiting the generality of the foregoing, the clients, customers, shareholders or End Users shall not be deemed to be third party beneficiaries of this Agreement or have any other contractual relationship with ISA by reason of this Agreement. 11.12 Captions and Construction. The headings appearing at the beginning of the Sections contained in this Agreement have been inserted for identification and reference purposes only and shall not be used to determine the construction or interpretation of this Agreement. The nomenclature of the defined terms in this Agreement shall only be used for the construction of this Agreement, and are not to be used for any other purpose, including, but not limited to, interpretation for accounting purposes. The parties acknowledge that both ISA and Rubicon participated in the drafting of this Agreement and agree that any rule of law or legal decision that may or would require interpretation of any alleged ambiguities in this Agreement against the party that drafted it has no application and is expressly waived. 11.13 Further Assurances. Each Party shall perform such acts, execute and deliver such instruments and documents, and do all such other things as may be reasonably necessary to accomplish the transactions contemplated in this Agreement.",239,['ip_risk'],['Third Party Beneficiary'],"Except as set forth in Sections 10.3 and 10.4, nothing in this Agreement is intended to confer benefits, rights or remedies unto any person or entity other than the Parties and their permitted successors and assigns. Without limiting the generality of the foregoing, the clients, customers, shareholders or End Users shall not be deemed to be third party beneficiaries of this Agreement or have any other contractual relationship with ISA by reason of this Agreement. 11.12 Captions and Construction.",false_negative
8adef3a20e63,ip_risk,1,0,0.23414470994478537,tfidf_logistic_regression,CytodynInc_20200109_10-Q_EX-10.5_11941634_EX-10.5_License Agreement,"11.3 Unilateral Termination by CytoDyn. CytoDyn shall have the right to terminate this Agreement in its entirety upon written notice to Vyera on the occurrence of any of the following: (a) Vyera or any of its Affiliates directly or indirectly, challenges, disputes, or assists any Third Party to dispute or challenge, in a legal or administrative proceeding the patentability, enforceability or validity of any CytoDyn Patents; (b) Vyera fails to make a First Commercial Sale within sixty (60) days following the later of (i) the date Regulatory Approval is obtained and (ii) the date CytoDyn supplies (or is ready to supply) Vyera with the Licensed Product for sale pursuant to the Supply Agreement (the ""Supply Date""); (c) Vyera breaches its obligations or covenants under Section 2.6 (Competitive Products); (d) Upon [***] written notice, in the event Vyera fails to meet any of the Minimum Requirements and has not cured such failure, to the extent curable, within such notice period; or (e) Vyera fails to make the Equity Investment within seven (7) days of the Effective Date, as required by Section 8.13.",181,['ip_risk' 'exclusivity' 'revenue_risk'],['Minimum Commitment' 'Covenant Not To Sue' 'Non-Compete'],"11.3 Unilateral Termination by CytoDyn. CytoDyn shall have the right to terminate this Agreement in its entirety upon written notice to Vyera on the occurrence of any of the following: (a) Vyera or any of its Affiliates directly or indirectly, challenges, disputes, or assists any Third Party to dispute or challenge, in a legal or administrative proceeding the patentability, enforceability or validity of any CytoDyn Patents; (b) Vyera fails to make a First Commercial Sale within sixty (60) days f",false_negative
9698f82aaa9d,ip_risk,1,0,0.18844429103218013,tfidf_logistic_regression,ASPIRITYHOLDINGSLLC_05_07_2012-EX-10.6-OUTSOURCING AGREEMENT,"(e) Web Site Development. Subject to compliance and conformity with Accepted Note Practices by the Contractor, the Contractor (or a third party service provider working at the Contractor's direction) shall assist the Company in developing a dedicated Internet web site separate from the Company's corporate site to allow Investors to view online and download copies of the Offering documents (including the Prospectus and Subscription Agreement) and marketing materials that are included in the investment kit or comparable information. (f) Ownership of Web Pages. Any and all web pages used by Contractor in connection with the Offering (the ""Web Pages""), and all associated Proprietary Rights, shall be owned exclusively by the Company. (g) Daily Payment Reports to Company. On each Business Day during the term of the Notes, the Contractor shall furnish daily reports to the Company that detail and summarize the amount of cash that is required to pay interest and principal on the Notes. Section 3.02 Maintenance of Files and Records. The Contractor shall establish and maintain at all times during the term of this Agreement files and records (including, without limitation, computerized records) regarding the Notes and the Note Portfolio, with full and correct entries of all transactions or modifications in a reasonably secure, up-to-date manner and in accordance with the following: (a) Location. All Note and Note Portfolio files and records shall be stored and maintained at the Contractor's principal place of business, or other location as designated by the Company. The Contractor shall keep in such files all correspondence received or sent regarding each Note, each Investor, and each Holder, whether upon any purchase or transfer of a Note. (b) Original Documents. The Contractor will store all original Subscription Agreements, Note Confirmations, correspondence from Investors and Holders and other materials relating to the Renewable Note Program in a reasonably secure manner at the Contractor's principal offices or such other location as may be designated by the Company. The Contractor shall exercise due care in handling and delivering the original documents and the other documents in the Note files and records. The Contractor shall not grant or allow any person an interest in original documents or rights thereunder, and all original documents in the possession of the Contractor shall be deemed to be in the possession of the Company. (c) Examination. At any time the Company and its agents and representatives may physically inspect any documents, files or other records relating to the Renewable Note Program and discuss the same with the Contractor's officers and employees. The Contractor shall supply copies of any such documents, files, or other records upon the request of the Company, as soon as is reasonably and commercially practicable at the Company's cost and expense. (d) Retention.",454,['ip_risk' 'revenue_risk'],['Audit Rights' 'Ip Ownership Assignment'],"(e) Web Site Development. Subject to compliance and conformity with Accepted Note Practices by the Contractor, the Contractor (or a third party service provider working at the Contractor's direction) shall assist the Company in developing a dedicated Internet web site separate from the Company's corporate site to allow Investors to view online and download copies of the Offering documents (including the Prospectus and Subscription Agreement) and marketing materials that are included in the inves",false_negative
36d78e4c5081,ip_risk,1,0,0.16087289239659996,tfidf_logistic_regression,ASPIRITYHOLDINGSLLC_05_07_2012-EX-10.6-OUTSOURCING AGREEMENT,"restriction of the third party's right to disseminate the information and without notice of any restriction against its further disclosure; or (c) produced under order of a court of competent jurisdiction or other similar requirement of a governmental agency or authority, so long as the party required to disclose the information provides the other party with prior notice of such order or requirement and its cooperation to the extent reasonable in preserving its confidentiality. Because damages may be difficult to ascertain, and without limiting any other rights and remedies specified herein, an injunction may be sought against the party who has breached or threatened to breach this Section. ARTICLE VIII TERM AND TERMINATION Section 8.01 Effective Date of this Agreement. This Agreement shall become effective as of the date first set forth above, and shall continue in full force and effect until terminated as provided below. Section 8.02 Termination. The Company or the Contractor may terminate this Agreement at any time in whole or in part as more specifically provided below, and in such case, the Contractor will be paid fees incurred up to the date of such termination plus its expenses accrued as of such date within 30 days of such termination. The Company will have the ability to terminate this Agreement by giving 60 days' prior written notice to the Contractor. The Contractor will have the ability to terminate this Agreement by giving 90 days' prior written notice to the Company. Section 8.03 Termination Without Termination of Offering. Anything to the contrary notwithstanding, the termination of this Agreement shall not prevent the Company from commencing or cause the Company to terminate the Offering. In the event this Agreement is terminated without a termination of the Offering, then the Company, or its agents, shall be entitled to use all materials developed by the Contractor related to the Notes as provided elsewhere herein. ARTICLE IX MISCELLANEOUS Section 9.01 Survival. The respective indemnity and contribution agreements of the Company and the Contractor set forth herein and the respective representations, warranties, covenants and agreements of the Company and the Contractor set forth herein, shall remain operative and in full force and effect, regardless of any investigation made by, or on behalf of, the Contractor, the Company, any of its officers and directors, or any controlling person referred to in Article VII and shall survive the sale of the Notes and any termination or cancellation of this Agreement. Any successor of any party or of any such controlling person, or any legal representative of such controlling person, as the case may be, shall be entitled to the benefit of the respective indemnity and contribution agreements. Section 9.02 Notices.",445,['ip_risk' 'renewal_expiration' 'termination_risk'],['Termination For Convenience' 'Third Party Beneficiary' 'Expiration Date'],"restriction of the third party's right to disseminate the information and without notice of any restriction against its further disclosure; or (c) produced under order of a court of competent jurisdiction or other similar requirement of a governmental agency or authority, so long as the party required to disclose the information provides the other party with prior notice of such order or requirement and its cooperation to the extent reasonable in preserving its confidentiality. Because damages m",false_negative
6056bb8f3371,ip_risk,1,0,0.12054885523894858,tfidf_logistic_regression,"DUOSTECHNOLOGIESGROUP,INC_04_21_2009-EX-10.1-STRATEGIC ALLIANCE AGREEMENT","Unless terminated sooner, the term of this Agreement shall begin on the Effective Date and continue for three (3) years thereafter (the ""Initial Term"") and shall automatically renew for additional one (1) year terms on the terms and conditions set forth herein (each a ""Renewal Term"" and collectively, the ""Term"") unless either party gives the other Party Notice of its intention to terminate this Agreement ninety (90) days before the end of the Initial Term or Renewal Term, if any. 6.2 Termination. 6.2.1 For Cause. Either Party may serve Notice to the other Party to terminate this Agreement immediately in the event any material breach of a material provision of this Agreement by such other Party remains uncured 30 days in the case of a breach of a payment obligation, or 45 days for all other material breaches, after notice of such breach was received by such other Party. 6.2.2 For Bankruptcy. Either Party may terminate this Agreement immediately upon Notice to the other Party in the event the other Party (a) permanently ceases operations, (b) becomes or is declared insolvent or bankrupt, (c) is the subject of any proceeding related to its liquidation or insolvency (whether voluntary or involuntary) that is not dismissed within 90 calendar days or (d) makes an assignment for the benefit of creditors. 6.2.3 For Contesting Intellectual Property Rights. Either Party may terminate this Agreement upon ten Business Day's Notice to the other Party in the event the other Party contests or challenges to a material degree any of the other Party's Intellectual Property rights referred to in Sections 5.1, and 5.3, respectively. 7. NON-COMPETITION. 7.1 During the period beginning on the Effective Date and ending on the later of (i) the end of the Initial Term and (ii) the date falling two years after completion of the most recent services provided by Rubicon under clause 7 (the ""Non-Competition Period"") and in the ISA Geographic Area, as defined below, Rubicon agrees not to in any capacity, engage or have a financial interest in any ISA Competing Business, as defined below, or provide managerial, supervisory, administrative, or financial services relating to any ISA Competing Business, including making available any information or funding to any such ISA Competing Business. Further, during the Non-Competition Period, Rubicon shall not solicit any",382,['ip_risk' 'exclusivity' 'renewal_expiration'],"['Covenant Not To Sue' 'Renewal Term' 'Notice Period To Terminate Renewal'
 'Expiration Date' 'Non-Compete']","Unless terminated sooner, the term of this Agreement shall begin on the Effective Date and continue for three (3) years thereafter (the ""Initial Term"") and shall automatically renew for additional one (1) year terms on the terms and conditions set forth herein (each a ""Renewal Term"" and collectively, the ""Term"") unless either party gives the other Party Notice of its intention to terminate this Agreement ninety (90) days before the end of the Initial Term or Renewal Term, if any. 6.2 Termination",false_negative
ebe0d1c0a279,ip_risk,1,0,0.07322583734369957,tfidf_logistic_regression,WORLDWIDESTRATEGIESINC_11_02_2005-EX-10-RESELLER AGREEMENT,"2.4 CHANGES IN TOUCHSTAR SOFTWARE AND SUPPORT SERVICES. TouchStar shall have the right at any time and from time to time, in its sole discretion, (a) to change the TouchStar Software or Support Services included within the scope of this Agreement by providing written notice to Reseller at least thirty (30) days prior to the date the change becomes effective and (b) to change the design, capabilities or other characteristics of the TouchStar Software or Support Services, or discontinue the production or marketing of all or any portion of the TouchStar Software or Support Services, without prior notice of any kind. Upgrades and enhancements to the TouchStar Software or Support Services shall automatically be deemed included as TouchStar Software or Support Services, as applicable, unless TouchStar notifies Reseller otherwise.",129,['ip_risk'],['License Grant'],"2.4 CHANGES IN TOUCHSTAR SOFTWARE AND SUPPORT SERVICES. TouchStar shall have the right at any time and from time to time, in its sole discretion, (a) to change the TouchStar Software or Support Services included within the scope of this Agreement by providing written notice to Reseller at least thirty (30) days prior to the date the change becomes effective and (b) to change the design, capabilities or other characteristics of the TouchStar Software or Support Services, or discontinue the produc",false_negative
97b3c92c24bc,ip_risk,1,0,0.07093952840902464,tfidf_logistic_regression,PrudentialBancorpInc_20170606_8-K_EX-10.4_10474434_EX-10.4_Endorsement Agreement,"Upon the death of the Employee while this Agreement is in force, the Employee's beneficiary as named in the Beneficiary Designation Form on page 6 (or as it may be amended according to the terms set forth on page 6) for this Agreement will be entitled to receive from the Policy proceeds an amount equal to the lesser of: (a) (two (2) times the Employee's annualized base salary at the time of death as provided by the Employer's payroll department) plus $100,000, reduced by any amount payable under the Employer's group term life insurance plan, or (b) the Net Amount At Risk. The Employer shall be the beneficiary of the remaining death proceeds of the policy after the Employee's interest is determined. Within 60 days after the death of the Employee, the Employer will provide to the ""Insurer"" a written statement indicating the amount of each policy's proceeds the Employee's beneficiary is entitled to receive.",155,['ip_risk'],['Third Party Beneficiary'],"Upon the death of the Employee while this Agreement is in force, the Employee's beneficiary as named in the Beneficiary Designation Form on page 6 (or as it may be amended according to the terms set forth on page 6) for this Agreement will be entitled to receive from the Policy proceeds an amount equal to the lesser of: (a) (two (2) times the Employee's annualized base salary at the time of death as provided by the Employer's payroll department) plus $100,000, reduced by any amount payable under",false_negative
c678b9ce8cf6,ip_risk,1,0,0.05071616415557578,tfidf_logistic_regression,OLDAPIWIND-DOWNLTD_01_08_2016-EX-1.3-AGENCY AGREEMENT1,"(b) Notification of Claims If any matter or thing contemplated by Section 11(a) (any such matter or thing being referred to as a ""Claim"") is asserted against any person or company in respect of which indemnification is or might reasonably be considered to be provided, such person or company (the ""Indemnified Party"") will notify the Corporation as soon as possible of the nature of such Claim (but the omission so to notify the Corporation of any potential Claim shall not relieve the Corporation from any liability which they may have to any Indemnified Party and any omission so to notify the Corporation of any actual Claim shall affect the Corporation's liability only to the extent that the Corporation is materially prejudiced by that failure). The Corporation shall assume the defence of any suit brought to enforce such Claim, provided, however, that (i) the defence shall be conducted through legal counsel acceptable to the Indemnified Party, acting reasonably, and (ii) no settlement of any such Claim or admission of liability may be made by the Corporation without the prior written consent of the Indemnified Party, acting reasonably, unless such settlement includes an unconditional release of the Indemnified Party from all liability arising out of such action or claim and does not include a statement as to or an admission of fault, culpability or failure to act, by or on behalf of any Indemnified Party. (c) Right of Indemnity in Favour of Others With respect to any Indemnified Party who is not a party to this Agreement, the Agents shall obtain and hold the rights and benefits of this Section 11 in trust for and on behalf of such Indemnified Party. (d) Retaining Counsel In any such Claim, the Indemnified Party shall have the right to retain one separate counsel to act on his or its behalf, provided that the fees and disbursements of such counsel shall be paid by the Indemnified Party unless: (i) the Corporation and the Indemnified Party shall have mutually agreed in writing to the retention of the other counsel; (ii) the named parties to any such Claim (including any added third or impleaded party) include both the Indemnified Party and the Corporation and the Indemnified Party shall have been advised in writing by counsel to the Indemnified Party that the representation of both parties by the same counsel would be inappropriate due to an actual or potential conflict of interest between the Corporation and the Indemnified Party; or (iii) the Corporation shall not have retained counsel within seven Business Days following receipt by the Corporation of notice of any such Claim from the Indemnified Party; provided that the Corporation shall not be responsible for the fees or expenses of more than one legal firm in any single jurisdiction for all of the Indemnified Parties. 24",468,['ip_risk'],['Third Party Beneficiary'],"(b) Notification of Claims If any matter or thing contemplated by Section 11(a) (any such matter or thing being referred to as a ""Claim"") is asserted against any person or company in respect of which indemnification is or might reasonably be considered to be provided, such person or company (the ""Indemnified Party"") will notify the Corporation as soon as possible of the nature of such Claim (but the omission so to notify the Corporation of any potential Claim shall not relieve the Corporation fr",false_negative
c509ac66941d,ip_risk,1,0,0.027378767947159405,tfidf_logistic_regression,EmmisCommunicationsCorp_20191125_8-K_EX-10.6_11906433_EX-10.6_Marketing Agreement,4. Advertising Sales. Programmer shall not separately sell advertising time on the HD2 Channel but may market the WLIB Programs as being rebroadcast on the HD2 Channel.,27,['ip_risk'],['License Grant'],4. Advertising Sales. Programmer shall not separately sell advertising time on the HD2 Channel but may market the WLIB Programs as being rebroadcast on the HD2 Channel.,false_negative
fcf53558bb1a,ip_risk,1,0,0.018107863515166807,tfidf_logistic_regression,ImpresseCorp_20000322_S-1A_EX-10.11_5199234_EX-10.11_Co-Branding Agreement,"hereof, neither party may bring a claim or action regardless of form, arising out of or related to this Agreement, including any claim of fraud or misrepresentation, more than two years after the cause of action accrues or becomes known, whichever is later.",43,['ip_risk' 'liability_risk'],['Cap On Liability' 'Uncapped Liability' 'Covenant Not To Sue'],"hereof, neither party may bring a claim or action regardless of form, arising out of or related to this Agreement, including any claim of fraud or misrepresentation, more than two years after the cause of action accrues or becomes known, whichever is later.",false_negative
7d86666b6b87,ip_risk,1,0,0.012175098146535415,tfidf_logistic_regression,ImpresseCorp_20000322_S-1A_EX-10.11_5199234_EX-10.11_Co-Branding Agreement,6.5. TWO YEAR LIMITATION. Except for claims under Sections 9.4 [INDEMNIFICATION BY IMPRESSE] and 9.5 [INDEMNIFICATION BY VERTICALNET],18,['ip_risk' 'liability_risk'],['Cap On Liability' 'Uncapped Liability' 'Covenant Not To Sue'],6.5. TWO YEAR LIMITATION. Except for claims under Sections 9.4 [INDEMNIFICATION BY IMPRESSE] and 9.5 [INDEMNIFICATION BY VERTICALNET],false_negative
cf81cfcad8cd,liability_risk,1,0,0.14608730142984405,tfidf_logistic_regression,SUMMAFOURINC_06_19_1998-EX-10.3-SOFTWARE LICENSE AND MAINTENANCE AGREEMENT,"BUYOUT OPTION: Within the Warranty period, LICENSEE may elect to pay D2 a sum of $1,400,000 as a one time paid-up runtime license fees for the Basic Services specified in Exhibit A.",32,['liability_risk'],['Liquidated Damages'],"BUYOUT OPTION: Within the Warranty period, LICENSEE may elect to pay D2 a sum of $1,400,000 as a one time paid-up runtime license fees for the Basic Services specified in Exhibit A.",false_negative
501a354cbb9e,liability_risk,1,0,0.012515454632604034,tfidf_logistic_regression,"Array BioPharma Inc. - LICENSE, DEVELOPMENT AND COMMERCIALIZATION AGREEMENT","in (a) or (b) above, the otherwise applicable royalty rate with respect to Products shall thereafter be [ * ] for the [ * ].",25,['liability_risk'],['Liquidated Damages'],"in (a) or (b) above, the otherwise applicable royalty rate with respect to Products shall thereafter be [ * ] for the [ * ].",false_negative
2c24fc0f004a,renewal_expiration,1,0,0.4966698856771874,tfidf_logistic_regression,ENERGYXXILTD_05_08_2015-EX-10.13-Transportation AGREEMENT,"ARTICLE 8 TERM 8.1 Term. Subject to the other provisions of this Agreement, the term of this Agreement shall commence on the Effective Date and shall remain in effect until terminated by either Party upon thirty (30) days' prior written notice. 8.2 Remedies Cumulative. Each Party shall have any and all remedies available to it under this Agreement, at law, or in equity for any breach by the other Party of the other Party's obligations under this Agreement. All such remedies are cumulative, not exclusive, and such Party may exercise any or all of such remedies in addition to or as an alternative to termination of the Term. No election of remedies shall be required or implied as the result of a Party's decision to avail itself of a remedy hereunder. ARTICLE 9 TITLE AND CUSTODY 9.1 Title. A nomination of Crude Petroleum shall be deemed a warranty of title to such Crude Petroleum by Shipper, or a warranty of the good right to deliver such Crude Petroleum for transportation hereunder. Transporter may, in the absence of adequate security, decline to receive any Crude Petroleum which is in litigation, or as to which a dispute over title may exist, or which is encumbered by any lien. By nominating Crude Petroleum, Shipper also agrees to be responsible for any and all losses resulting from disputes, encumbrances, or failure of title thereto. Neither acceptance for transportation, nor redelivery by Transporter at the Delivery Point shall be deemed a representation by Transporter as to title. 9.2 Custody. As among the Parties, Shipper shall be in custody, control and possession of the Crude Petroleum affected by this Agreement at all times prior to delivery to Transporter at the Receipt Point and after redelivery by Transporter at the Delivery Point and Transporter shall have custody and control of the Crude Petroleum affected by this Agreement at all times after delivery by Shipper at the Receipt Point and prior to redelivery by Transporter at the Delivery Point. ARTICLE 10 BILLING AND PAYMENT 10.1 Payment. All payments are due within 10 days of receipt of the invoice by ACH or wire transfer, unless the Transporter determines in a manner not unreasonably discriminatory that the financial condition of Shipper or Shipper's guarantor (if any) is or has become impaired or unsatisfactory or Transporter determines in a manner not unreasonably discriminatory it necessary to do so, in which case the payment due date shall be that specified in a written notice to the Shipper. Notwithstanding the foregoing, Shipper may withhold payment of amounts it disputes in good faith, provided that if any such amount is later determined to have been due Transporter Section 10.2 below shall apply to such amount.",451,['renewal_expiration' 'termination_risk'],"['Renewal Term' 'Termination For Convenience'
 'Notice Period To Terminate Renewal' 'Expiration Date']","ARTICLE 8 TERM 8.1 Term. Subject to the other provisions of this Agreement, the term of this Agreement shall commence on the Effective Date and shall remain in effect until terminated by either Party upon thirty (30) days' prior written notice. 8.2 Remedies Cumulative. Each Party shall have any and all remedies available to it under this Agreement, at law, or in equity for any breach by the other Party of the other Party's obligations under this Agreement. All such remedies are cumulative, not e",false_negative
f501356ca679,renewal_expiration,1,0,0.3982664230205829,tfidf_logistic_regression,"OPTIMIZEDTRANSPORTATIONMANAGEMENT,INC_07_26_2000-EX-6.6-DISTRIBUTOR AGREEMENT","INITIAL DISTRIBUTION PERIOD: April 15, 2000 through October 15, 2000 (6 Months from the Effective Date)",16,['renewal_expiration'],['Expiration Date'],"INITIAL DISTRIBUTION PERIOD: April 15, 2000 through October 15, 2000 (6 Months from the Effective Date)",false_negative
9b7f1dc6bcce,renewal_expiration,1,0,0.37616782797058623,tfidf_logistic_regression,PrecheckHealthServicesInc_20200320_8-K_EX-99.2_12070169_EX-99.2_Distributor Agreement,"3. The Distributor accepts the appointment and shall use its commercially reasonable efforts to promote, market and sell the Products within the Territory, devote such time and attention as may be reasonably necessary and abide by the Principal's policies. 4. The Principal shall maintain the right to contact and market its products to potential customers in the Territory; but agrees to pass on all sales leads and orders to the Distributor. 5. The parties agree that the list of Products and/or prices may be amended from time to time. The Principal may unilaterally remove Products from the catalog or change prices. Additions to the Products shall be by mutual agreement. However, in the event the Distributor rejects a new product addition to the product list, the Principal shall then retain the right to market and distribute the new product that is rejected by the Distributor. 6. Unless accepted by the Principal, the Distributor agrees that during the term of this Agreement, the Distributor, either directly or indirectly, shall handle no products that are competitive with the Products within the Territory. 7. The Distributor shall obtain at its own expense, all necessary licenses and permits to allow the Distributor to conduct business as contemplated herein. The Distributor represents and warrants that the Distributor shall conduct business in strict conformity with all local, state and federal laws, rules and regulations. 8. The Principal agrees that the Distributor may employ or engage representatives or sub-distributors in furtherance of this Agreement and the Distributor agrees that the Distributor shall be solely responsible for the payment of wages or commissions to those representatives and sub-distributors, and that under no circumstances shall Distributor's representatives be deemed employees of Principal for any purpose whatsoever. 9. Principal will grant Distributor a discount based on the Products and Prices. The proposed discount is expected to be ¨%. Discount may vary depending on product volume ordered or promotions. 10. This Agreement shall be in effect until March 18. 2021, unless sooner terminated by either party upon (30) days written notice, without cause. 11. In the event of termination, the Distributor shall be entitled to receive all orders accepted by the Principal prior to the date of termination and may sell the ordered Products in the Territory. Payment to be made upon shipment.",382,['exclusivity' 'renewal_expiration' 'termination_risk'],"['Termination For Convenience' 'Post-Termination Services' 'Non-Compete'
 'Expiration Date']","3. The Distributor accepts the appointment and shall use its commercially reasonable efforts to promote, market and sell the Products within the Territory, devote such time and attention as may be reasonably necessary and abide by the Principal's policies. 4. The Principal shall maintain the right to contact and market its products to potential customers in the Territory; but agrees to pass on all sales leads and orders to the Distributor. 5. The parties agree that the list of Products and/or pr",false_negative
027b31393ad5,renewal_expiration,1,0,0.3209728259849649,tfidf_logistic_regression,FerroglobePlc_20150624_F-4A_EX-10.20_9154746_EX-10.20_Outsourcing Agreement,"13.2. The Agreement rests, for all that, cancellable at any time by any of the parties before the expiry date of the Agreement or any of itsrenewals, upon three months prior written notice.",33,['renewal_expiration' 'termination_risk'],['Termination For Convenience' 'Notice Period To Terminate Renewal'],"13.2. The Agreement rests, for all that, cancellable at any time by any of the parties before the expiry date of the Agreement or any of itsrenewals, upon three months prior written notice.",false_negative
3267ae070440,renewal_expiration,1,0,0.3140994145167327,tfidf_logistic_regression,"GWG HOLDINGS, INC. - ORDERLY MARKETING AGREEMENT","1.6 Each such Distribution Agreement shall set out the customary terms and conditions for the sale and distribution of the respective Tranche, including customary representations, warranties, covenants and indemnification provisions. For the avoidance of doubt, each Distribution Agreement shall include provisions to the following effect: (i) GWG shall have no responsibility for the payment of fees or commissions payable to the Bank, which fees and commissions shall be the responsibility of certain affiliates of the Seller Trusts as set forth in the applicable Distribution Agreement; and (ii) each of GWG and the Seller Trusts shall agree to provide a customary indemnity in favor of the Bank and its affiliates. 1.7 If, in connection with the marketing, sale and distribution of a Tranche, the Bank determines that the number of Shares of Stock proposed to be included in the Tranche exceeds the number that can reasonably be sold, then the number of Shares of Stock shall be reduced accordingly on a pro-rata basis with respect to each of the Seller Trusts. 1.8 Prior to the offering of each Tranche, GWG shall provide the placement agents or underwriters in such Offering a list of the top 100 institutional holders of the Common Stock. In connection with any Offering, the Seller Trusts shall instruct the placement agents or underwriters to use their reasonable best efforts to (i) effect as wide a distribution of the Shares as is reasonably practicable without adversely affecting the pricing thereof and (ii) not sell any Shares to any person or Group (as such terms is used in Section 13(d)(3) of the Securities Exchange Act of 1934, as amended (the ""Exchange Act"")) who, upon completion of the Offering, would have Beneficial Ownership (as defined in Rule 13d-3 under the Exchange Act) of shares of Common Stock representing in the aggregate 5.0% or more the total number of outstanding shares of Common Stock (or in the case of a person of the type described in Rule 13d-1(b)(1)(i) under the Exchange Act, 10% or more of the Total Voting Power). Section 2. Compensation. The Engagement Letter shall provide that the Bank shall not be entitled to any compensation for its advice hereunder or reimbursement of its expenses in connection with this OMA and shall only be entitled to compensation in connection with an Offering as provided in the Engagement Letter and related Distribution Agreement with respect to such Offering. Section 3. [Reserved] Section 4. General Provisions. 4.1 Term; Termination; Withdrawal of Bank. (a) This OMA shall expire upon the earlier of (i) the first anniversary of the Effective Date and (ii) the date that all Shares of Stock of the Seller Trusts as set forth on Schedule A hereto have been sold (the ""Term"").",453,['renewal_expiration'],['Expiration Date'],"1.6 Each such Distribution Agreement shall set out the customary terms and conditions for the sale and distribution of the respective Tranche, including customary representations, warranties, covenants and indemnification provisions. For the avoidance of doubt, each Distribution Agreement shall include provisions to the following effect: (i) GWG shall have no responsibility for the payment of fees or commissions payable to the Bank, which fees and commissions shall be the responsibility of certa",false_negative
136a9d716514,renewal_expiration,1,0,0.2642011749536798,tfidf_logistic_regression,PalmerSquareCapitalBdcInc_20200116_10-12GA_EX-10.6_11949289_EX-10.6_Trademark License Agreement,"ARTICLE 3. REPRESENTATIONS AND WARRANTIES 3.1. Licensee accepts this license on an ""as is"" basis. Licensee acknowledges that Licensor makes no explicit or implicit representation or warranty as to the registrability, validity, enforceability, ownership of the Licensed Mark, or as to Licensee's ability to use the Licensed Mark without infringing or otherwise violating the rights of others, and Licensor has no obligation to indemnify Licensee with respect to any claims arising from Licensee's use of the Licensed Mark, including without limitation any Third Party Claim. 3.2. Mutual Representations. Each party hereby represents and warrants to the other party as follows: (a) Due Authorization. Such party is a limited liability company duly formed or a corporation duly incorporated, as applicable, and is in good standing as of the Effective Date, and the execution, delivery and performance of this Agreement by such party have been duly authorized by all necessary action on the part of such party. (b) Due Execution. This Agreement has been duly executed and delivered by such party and, upon due authorization, execution and delivery of this Agreement by the other party, constitutes a legal, valid and binding obligation of such party, enforceable against such party in accordance with its terms. (c) No Conflict. Such party's execution, delivery and performance of this Agreement do not: (i) violate, conflict with or result in the breach of any provision of the operating agreement, charter or bylaws (or similar organizational documents) of such party; (ii) conflict with or violate any governmental order applicable to such party or any of its assets, properties or businesses; or (iii) conflict with, result in any breach of, constitute a default (or event which with the giving of notice or lapse of time, or both, would become a default) under, require any consent under, or give to others any rights of termination, amendment, acceleration, suspension, revocation or cancellation of any contract, agreement, lease, sublease, license, permit, franchise or other instrument or arrangement to which it is a party. ARTICLE 4. TERM AND TERMINATION 4.1. Term. This Agreement shall expire if the Investment Advisor or one of its affiliates ceases to serve as investment adviser to the Licensee. This Agreement shall be terminable by Licensor at any time and in its sole discretion in the event that Licensor or Licensee receives notice of any Third Party Claim arising out of Licensee's use of the Licensed Mark; by Licensor or Licensee upon sixty (60) days' written notice to the other party; or by Licensee at any time in the event Licensee assigns or attempts to assign or sublicense this Agreement or any of Licensee's rights or duties hereunder without the prior written consent of Licensor.",446,['change_of_control' 'renewal_expiration' 'termination_risk'],['Termination For Convenience' 'Anti-Assignment' 'Expiration Date'],"ARTICLE 3. REPRESENTATIONS AND WARRANTIES 3.1. Licensee accepts this license on an ""as is"" basis. Licensee acknowledges that Licensor makes no explicit or implicit representation or warranty as to the registrability, validity, enforceability, ownership of the Licensed Mark, or as to Licensee's ability to use the Licensed Mark without infringing or otherwise violating the rights of others, and Licensor has no obligation to indemnify Licensee with respect to any claims arising from Licensee's use ",false_negative
80d6030a854a,renewal_expiration,1,0,0.2201243230378778,tfidf_logistic_regression,SPARKLINGSPRINGWATERHOLDINGSLTD_07_03_2002-EX-10.13-SOFTWARE LICENSE AND MAINTENANCE AGREEMENT,"For a renewable one-year term commencing upon the Maintenance Commencement Date, subject to payment of maintenance fees in accordance with the Fee Schedule but without additional fees or charges, Garman shall provide the following Maintenance Services:",36,['renewal_expiration'],['Renewal Term'],"For a renewable one-year term commencing upon the Maintenance Commencement Date, subject to payment of maintenance fees in accordance with the Fee Schedule but without additional fees or charges, Garman shall provide the following Maintenance Services:",false_negative
909536cc6785,renewal_expiration,1,0,0.2167209302286742,tfidf_logistic_regression,WPPPLC_04_30_2020-EX-4.28-SERVICE AGREEMENT,"15. TERMINATION OF EMPLOYMENT 15.1 The Appointment may be terminated by either party giving the other at least 12 months' notice in writing. 15.2 The Company may in its sole and absolute discretion (whether or not any notice of termination has been given under sub clause 15.1) terminate this Agreement at any time and with immediate effect by giving notice in writing to the Executive that the Company is exercising its rights pursuant to this clause 15. If the Company elects to terminate the Executive's employment in this way, it will make, within 30 days, either the first instalment (of equal monthly instalments) of a, or an entire, payment in lieu of notice (Payment in Lieu) equal to the basic salary, benefit allowance and any benefits, as at the Termination Date, which the Executive would have been entitled to receive under this Agreement during the notice period referred to at sub clause 15.1 (or, if notice has already been given, during the remainder of the notice period), less all relevant deductions for income tax and National Insurance contributions. For the avoidance of doubt, the Payment in Lieu shall not include any element in relation to: (a) any bonus or discretionary payment(s) that might otherwise have been due during the period for which the Payment in Lieu is made; and (b) any payment in respect of any holiday entitlement that would have accrued during the period for which the Payment in Lieu is made. 15.3 The Company may pay any sums due under sub clause 15.2 in equal monthly instalments until the date on which the notice period referred to at sub clause 15.1 would have expired if notice had been given (the Payment Period). 15.4 The Payment in Lieu is at all times conditional on the Executive informing the Company immediately in the event that he receives, or has a right to receive, remuneration from any source in respect of his employment or the provision of his services during the Payment Period or relating to the Payment Period (remuneration shall include any salary, fee or other benefit). 15.5 If the Executive obtains alternative employment or an alternative engagement during the Payment Period any further monthly instalments of the Payment in Lieu will be reduced on a pro rata basis by any payment or remuneration in respect of such alternative employment or alternative engagement during the Payment Period or relating to the Payment Period. 15.6 The Executive shall have no right to receive a Payment in Lieu unless the Company has exercised its discretion in sub clause 15.2. 15.7 Nothing in this clause 15 shall prevent the Company from terminating the Appointment in breach of contract or of common law.",449,['renewal_expiration' 'termination_risk'],['Termination For Convenience' 'Expiration Date'],15. TERMINATION OF EMPLOYMENT 15.1 The Appointment may be terminated by either party giving the other at least 12 months' notice in writing. 15.2 The Company may in its sole and absolute discretion (whether or not any notice of termination has been given under sub clause 15.1) terminate this Agreement at any time and with immediate effect by giving notice in writing to the Executive that the Company is exercising its rights pursuant to this clause 15. If the Company elects to terminate the Execu,false_negative
0e4fed2a49ae,renewal_expiration,1,0,0.2094718764661667,tfidf_logistic_regression,"VEONEER,INC_02_21_2020-EX-10.11-JOINT VENTURE AGREEMENT","This Amendment shall only become effective upon the VNBJ Closing with respect to Article 1.1 and the VNBZ Closing with respect to Article 1.2, and shall terminate without any force or effect in the event that the VNBJ SPA and the VNBZ SPA are terminated in accordance with the terms thereof.",51,['renewal_expiration'],['Expiration Date'],"This Amendment shall only become effective upon the VNBJ Closing with respect to Article 1.1 and the VNBZ Closing with respect to Article 1.2, and shall terminate without any force or effect in the event that the VNBJ SPA and the VNBZ SPA are terminated in accordance with the terms thereof.",false_negative
c9c4c6c7bf26,renewal_expiration,1,0,0.18424354339026316,tfidf_logistic_regression,ASPIRITYHOLDINGSLLC_05_07_2012-EX-10.6-OUTSOURCING AGREEMENT,"Responsibility of and Indemnification by Agency: Contractor agrees to indemnify and hold Company, its officers, directors, agents and employees harmless from and against any claims, liabilities, losses, costs, expenses, or the like, including reasonable attorneys' fees, incurred in respect to any material breach by Contractor hereof or Contractor's negligence and/or intentional wrongdoing in connection with the services. Responsibility of and Indemnification by Company: Company agrees to indemnify and hold Contractor, its officers, managers, directors, agents and employees harmless from and against any claims, liabilities, losses, costs, expenses, or the like, including reasonable attorneys' fees, incurred in respect to any material breach by Company of this Agreement or Company's negligence and/or intentional wrongdoing in connection with the services. Company shall be responsible for the accuracy, completeness and propriety of information concerning its products and services that it furnishes to Contractor in connection with the performance of the services. 3. Expenses and Fees. · Company agrees to pay or prepay advertising, graphic design and printing expenses either directly to the respective vendors or to the Contractor as required. The Company will pay the Contractor the difference between the published gross rates and the net rates for all advertisements, graphic design services or printing services or an equivalent mark-up. All Contractor fees will be subject to the approval of the Company. · Refunds: Contractor shall refund or credit Company any other refunds received in connection with advertisements. · Other Marketing Expenses. Subject to its prior approval, the Company agrees to pay Contractor for all reasonable out of pocket, non-media charge marketing expenses related to the development and production of all direct marketing and promotional materials. 5. Termination. · Period of Services: The services described herein to be provided by Agency shall begin upon execution and delivery of the Outsourcing Agreement and shall continue until termination of Contractor's activities to administer the Notes thereunder. · Payment for Purchases and Work Done: Any materials, services, etc. Contractor has committed to purchase for Company's account, or with Company's approval (or any uncompleted work previously approved by Company either specifically or as part of a plan) prior to termination of the Services shall be paid for by Company in accordance with the provisions of this Agreement. 23",370,['renewal_expiration'],['Expiration Date'],"Responsibility of and Indemnification by Agency: Contractor agrees to indemnify and hold Company, its officers, directors, agents and employees harmless from and against any claims, liabilities, losses, costs, expenses, or the like, including reasonable attorneys' fees, incurred in respect to any material breach by Contractor hereof or Contractor's negligence and/or intentional wrongdoing in connection with the services. Responsibility of and Indemnification by Company: Company agrees to indemni",false_negative
f44cdb02e8a0,renewal_expiration,1,0,0.1684044933977191,tfidf_logistic_regression,LinkPlusCorp_20050802_8-K_EX-10_3240252_EX-10_Affiliate Agreement,This Agreement will remain in force for perpetuity or until and unless otherwise mutually agreed or amended in writing by both parties.,22,['renewal_expiration'],['Expiration Date'],This Agreement will remain in force for perpetuity or until and unless otherwise mutually agreed or amended in writing by both parties.,false_negative
2d018fb4ed5c,renewal_expiration,1,0,0.13747905621523446,tfidf_logistic_regression,HerImports_20161018_8-KA_EX-10.14_9765707_EX-10.14_Maintenance Agreement,"Exhibit 10.14 SOFTWARE MAINTENANCE AGREEMENT This Software Maintenance Agreement (the ""Agreement"") is entered into as of October 13, 2016, between Leader Act Ltd HK (""LEADER""), a Nevada Corporation, (hereinafter referred to as ""Leader""), and EZJR, Inc. a Nevada corporation, (hereinafter referred to as ""EZJR""). WHEREAS, EZJR currently owns a Customer Relationship Management (""CRM"") software program as developed by LEADER; and WHEREAS, upon the purchase of the software EZJR entered into an agreement for LEADER to maintain the software for a period of two years after which LEADER was be paid by EZJR to service and maintain the software; and WHEREAS, this previous agreement expired on May 28, 2016; NOW THEREFORE, in consideration of the mutual agreements, representations and warranties in this Agreement, the parties agree as follows: 1. EXTENSION OF SERVICE AGREEMENT. Subject to all other terms and conditions set forth herein, as of the date of this agreement, LEADER maintain the software for an additional five years. 2. COMPENSATION TO LEADER. The compensation to LEADER shall be: 3,000,000 shares of EZJR's unregistered restricted common stock which shall be issuable upon the closing; 3. LEADER' REPRESENTATIONS AND WARRANTIES. LEADER represents and warrants to EZJR as follows: A. LEADER is a corporation duly organized, validly existing, and in good standing under the laws of the Nevada. Leader has all requisite corporate power and authority to enter into this Agreement and perform its obligations hereunder. B. The execution, delivery, and performance of this Agreement has been duly authorized and approved by the Board of Directors of LEADER, and this Agreement constitutes a valid and binding Agreement of LEADER in accordance with its terms. C. LEADER has not employed any broker or finder in connection with the transaction contemplated by this Agreement and has taken no action that would give rise to a valid claim against any party for a brokerage commission, finder's fee, or other like payment. D. LEADER has not employed any broker or finder in connection with the transactions contemplated by this Agreement, or taken action that would give rise to a valid claim against any party for a brokerage commission, finder's fee, or other like payment.",357,['renewal_expiration'],['Expiration Date'],"Exhibit 10.14 SOFTWARE MAINTENANCE AGREEMENT This Software Maintenance Agreement (the ""Agreement"") is entered into as of October 13, 2016, between Leader Act Ltd HK (""LEADER""), a Nevada Corporation, (hereinafter referred to as ""Leader""), and EZJR, Inc. a Nevada corporation, (hereinafter referred to as ""EZJR""). WHEREAS, EZJR currently owns a Customer Relationship Management (""CRM"") software program as developed by LEADER; and WHEREAS, upon the purchase of the software EZJR entered into an agreeme",false_negative
